filename,mean_pitch_hz,pitch_error_cents,pitch_variation,label
A4_slightly_off_989.wav,446.9228334527691,27.0266768266477,0.22846959440885897,slightly_off
E3_slightly_off_198.wav,167.83447847501225,31.48240688779343,0.27359339884435113,slightly_off
F4_slightly_off_830.wav,353.74885495661545,22.25757792185776,0.27458182827068217,slightly_off
F4_slightly_off_824.wav,354.39838710851194,25.4334499040607,0.275292600688926,slightly_off
C5_slightly_off_1157.wav,527.6999238483467,14.660842628058145,0.2592113590489797,slightly_off
G4_slightly_off_905.wav,398.80952422101916,29.815451657372574,0.2728921335200497,slightly_off
G4_slightly_off_911.wav,398.2777244151955,27.505365605163078,0.2589458275956318,slightly_off
C5_slightly_off_1143.wav,531.1659465763454,25.994701165777325,0.25427720125708925,slightly_off
C4_slightly_off_583.wav,265.27150102581936,23.930054969391502,0.2519181534147032,slightly_off
C4_slightly_off_597.wav,266.6652399117286,33.00216279968105,0.2628617309316516,slightly_off
C4_slightly_off_596.wav,264.3648494738903,18.002865232261623,0.24882797250045052,slightly_off
C4_slightly_off_582.wav,264.79072301339926,20.78951993162265,0.26801007748729155,slightly_off
G4_slightly_off_910.wav,399.3697328245853,32.245613453145104,0.2671734216564992,slightly_off
C5_slightly_off_1142.wav,528.8474037979134,18.42131239293112,0.26157165698176016,slightly_off
C5_slightly_off_1156.wav,527.1500763260084,12.856008123580361,0.26706940735868673,slightly_off
G4_slightly_off_904.wav,398.86855587692315,30.071689393898595,0.25932057760102173,slightly_off
F4_slightly_off_825.wav,355.5204013159119,30.905824627602378,0.2657786324208324,slightly_off
F4_slightly_off_831.wav,352.42666760270566,15.774718156838652,0.2708152125932082,slightly_off
E3_slightly_off_199.wav,166.53644900265874,18.041022347261002,0.2791269952651801,slightly_off
A4_slightly_off_988.wav,445.30927169835775,20.764951702151148,0.24107182101826038,slightly_off
F4_slightly_off_827.wav,355.144571762525,29.074725573129648,0.27765845435829944,slightly_off
F4_slightly_off_833.wav,355.5444512899793,31.022933872555285,0.26180988811242006,slightly_off
F3_slightly_off_268.wav,177.1598778589624,25.098867002314588,0.268972353321979,slightly_off
C5_slightly_off_1140.wav,532.8419263803949,31.44863769338479,0.23586972739426065,slightly_off
G3_slightly_off_349.wav,198.99389599401925,26.24462807059669,0.23794641329393618,slightly_off
G4_slightly_off_912.wav,395.6415159639388,16.00819971563177,0.2533437665874978,slightly_off
G4_slightly_off_906.wav,398.1506117917849,26.95274412353366,0.2725279219229714,slightly_off
C5_slightly_off_1154.wav,528.4626068384516,17.161183157592042,0.27423881650177734,slightly_off
D3_slightly_off_119.wav,149.32022884344084,29.115429644888053,0.23841643360976095,slightly_off
C4_slightly_off_594.wav,265.1349092323531,23.038390146621957,0.27040783428495185,slightly_off
C4_slightly_off_580.wav,265.7869458413337,27.29072421593486,0.2755990494016018,slightly_off
C4_slightly_off_581.wav,264.73262300363837,20.409613299330132,0.26057763687007135,slightly_off
C4_slightly_off_595.wav,263.86663071019524,14.737124451116577,0.2433318309440445,slightly_off
G4_slightly_off_907.wav,395.0938776073414,13.610203296580593,0.26556932768655894,slightly_off
D3_slightly_off_118.wav,148.84667703831514,23.616296896249196,0.2585074650879313,slightly_off
C5_slightly_off_1155.wav,532.3222553045085,29.75937260591606,0.23085604050794872,slightly_off
G3_slightly_off_348.wav,198.5990257701838,22.805869663158074,0.23855157935756433,slightly_off
C5_slightly_off_1141.wav,528.5300484355569,17.38210652694188,0.25958627577200427,slightly_off
G4_slightly_off_913.wav,399.2549685232323,31.748048408758102,0.2606947647423419,slightly_off
F4_slightly_off_832.wav,354.4203311327283,25.540643015448172,0.2797435488802942,slightly_off
F3_slightly_off_269.wav,178.11082725954932,34.366841475313116,0.2779979789423773,slightly_off
F4_slightly_off_826.wav,355.78647116604674,32.20098772327143,0.2795665675850788,slightly_off
F4_slightly_off_822.wav,354.13996465265336,24.170597234612814,0.27598993261497357,slightly_off
F3_slightly_off_279.wav,177.91803182349648,32.491858324316226,0.2532391888553661,slightly_off
F4_slightly_off_836.wav,352.35668570750954,15.430910262935189,0.25615193902726874,slightly_off
G4_slightly_off_917.wav,395.5699028584814,15.694809276827701,0.2531309030976806,slightly_off
D3_slightly_off_108.wav,148.93186957265948,24.60688686242201,0.2359933133444087,slightly_off
C5_slightly_off_1145.wav,527.5836564170232,14.279360075911494,0.25493794969987,slightly_off
G3_slightly_off_358.wav,199.83729790335914,33.5666645680002,0.2559741816554435,slightly_off
C5_slightly_off_1151.wav,527.4169372851815,13.732194810221534,0.26922428672186055,slightly_off
G4_slightly_off_903.wav,396.2004603776397,18.452282727555524,0.2581133695159419,slightly_off
C4_slightly_off_591.wav,264.97091931356266,21.9672646283498,0.249104066466654,slightly_off
C4_slightly_off_585.wav,266.24480594252293,30.270483186768615,0.2576494485775487,slightly_off
C4_slightly_off_584.wav,264.7664688475197,20.63093597326232,0.26754422805005923,slightly_off
C4_slightly_off_590.wav,265.50124862683543,25.428801446756257,0.2650156630352133,slightly_off
C5_slightly_off_1150.wav,531.3103180771559,26.465188587983892,0.23960280014999874,slightly_off
G3_slightly_off_359.wav,199.09458693236894,27.120411179615466,0.26104719187760783,slightly_off
G4_slightly_off_902.wav,396.12959016329717,18.142581162209478,0.2740549072030949,slightly_off
G4_slightly_off_916.wav,397.89012564163187,25.81973047901753,0.25947929434905875,slightly_off
C5_slightly_off_1144.wav,531.9088313357429,28.414300663522468,0.23500714346981103,slightly_off
D3_slightly_off_109.wav,149.59904385520394,32.345025230214425,0.23703222142195748,slightly_off
F4_slightly_off_837.wav,353.1574270786217,19.360729089499877,0.26840521779767373,slightly_off
F4_slightly_off_823.wav,352.8149624661558,17.681098404256165,0.26963649921732447,slightly_off
F3_slightly_off_278.wav,177.65254128393238,29.90656931574686,0.25042111671542433,slightly_off
A4_slightly_off_998.wav,445.7304395026073,22.401556868503285,0.24896789602733377,slightly_off
E3_slightly_off_189.wav,166.5821104454134,18.51563201807888,0.26823281334092147,slightly_off
F4_slightly_off_835.wav,353.35844365507535,20.34586407482551,0.26060207064479407,slightly_off
F4_slightly_off_821.wav,353.5581655163237,21.32409910636949,0.25754815965589234,slightly_off
G4_slightly_off_900.wav,395.3071306058094,14.544389506201487,0.2484590005801098,slightly_off
C5_slightly_off_1152.wav,530.9751566767438,25.372746186445294,0.24262020929647324,slightly_off
C5_slightly_off_1146.wav,532.2397688976537,29.491087107895915,0.2323228881904941,slightly_off
G4_slightly_off_914.wav,395.6739818360347,16.150256893566457,0.25598053849058866,slightly_off
C4_slightly_off_586.wav,266.74607182858836,33.526857213579454,0.27842677191813847,slightly_off
C4_slightly_off_592.wav,266.52779579128475,32.10962321085083,0.2646822000043137,slightly_off
C4_slightly_off_593.wav,266.584805490699,32.47989070365406,0.26083736717946493,slightly_off
C4_slightly_off_587.wav,264.7287013223152,20.383967051249602,0.259823663610484,slightly_off
C5_slightly_off_1147.wav,527.0716246029806,12.598342597923489,0.2657048009924458,slightly_off
G4_slightly_off_915.wav,396.63974922095906,20.370732048229463,0.257404446213818,slightly_off
G4_slightly_off_901.wav,397.71057474612866,25.038321842847846,0.2655417061600003,slightly_off
C5_slightly_off_1153.wav,530.4849934329684,23.773840457472517,0.26281769643492087,slightly_off
F4_slightly_off_820.wav,351.9551822327137,13.457078517875738,0.25138263587101883,slightly_off
F4_slightly_off_834.wav,355.5793758419967,31.192981820163347,0.2614884794904965,slightly_off
E3_slightly_off_188.wav,167.4977739030526,28.005767756199624,0.2791684591923111,slightly_off
A4_slightly_off_999.wav,447.71770207941756,30.10300511366445,0.23781184158898427,slightly_off
E4_slightly_off_746.wav,334.1410261918587,23.53149525311823,0.277166174188081,slightly_off
E4_slightly_off_752.wav,334.6474728765072,26.153483858830768,0.26260252305517157,slightly_off
C3_slightly_off_33.wav,132.23174977015046,18.71494227186494,0.2513202576043254,slightly_off
D4_slightly_off_673.wav,297.4481120478981,22.189505457234006,0.25635113825335815,slightly_off
D4_slightly_off_667.wav,299.24896757618353,32.6394036734764,0.21726295820220878,slightly_off
A3_slightly_off_428.wav,221.98480779072355,15.548905147457516,0.2544468739887226,slightly_off
C3_slightly_off_27.wav,132.8582420425485,26.897874907803654,0.2718647242711524,slightly_off
B4_slightly_off_1072.wav,502.35269732100716,29.448091390514413,0.22964804960859017,slightly_off
B4_slightly_off_1066.wav,498.52284223811193,16.198875835371563,0.22287278195281607,slightly_off
B4_slightly_off_1067.wav,502.18936133742164,28.88510287992737,0.23113438159869606,slightly_off
B4_slightly_off_1073.wav,499.5748861313182,19.84848815644113,0.22137452228125815,slightly_off
C3_slightly_off_26.wav,132.4275904753701,21.27707485058032,0.2581929141597109,slightly_off
A3_slightly_off_429.wav,224.08170912528087,31.82564232045439,0.2835635370165668,slightly_off
D4_slightly_off_666.wav,299.0789770147735,31.655684097909933,0.23882111373512704,slightly_off
D4_slightly_off_672.wav,296.1124044387793,14.397793132552136,0.268569727178385,slightly_off
C3_slightly_off_32.wav,132.99930376372544,28.735030794413273,0.250116519062267,slightly_off
E4_slightly_off_753.wav,332.22474365661765,13.574373000193814,0.24893736637084996,slightly_off
E4_slightly_off_747.wav,334.869978009329,27.30418867079722,0.2633581775716592,slightly_off
E4_slightly_off_751.wav,335.66675615328813,31.418534779909564,0.26699258187973635,slightly_off
E4_slightly_off_745.wav,335.3949020818003,30.01585279112936,0.27819169878925915,slightly_off
D4_slightly_off_664.wav,298.120742630165,26.099990206146785,0.24829852383269305,slightly_off
C3_slightly_off_24.wav,132.32185407827168,19.89422427709681,0.24494441343147147,slightly_off
C3_slightly_off_30.wav,132.77992635226738,25.877066833885333,0.2663898546150112,slightly_off
D4_slightly_off_670.wav,297.79161863862197,24.187659616974592,0.25157725251361207,slightly_off
B4_slightly_off_1065.wav,498.9293308458231,17.609924858422886,0.22179755625827036,slightly_off
B4_slightly_off_1071.wav,502.7657392833298,30.870953260472255,0.24805057721195914,slightly_off
B3_slightly_off_519.wav,249.837487174058,20.195300572961283,0.2835272604788522,slightly_off
B3_slightly_off_518.wav,251.48047461514963,31.54301280709404,0.2834419990807157,slightly_off
B4_slightly_off_1070.wav,498.96453911977017,17.732089678802826,0.22017452253917733,slightly_off
B4_slightly_off_1064.wav,499.2858113523584,18.846434285878043,0.22037935323821184,slightly_off
D4_slightly_off_671.wav,296.3423049290089,15.741394829920601,0.2472556080781633,slightly_off
C3_slightly_off_31.wav,133.2173223517469,31.570625947133273,0.2634475476714284,slightly_off
C3_slightly_off_25.wav,132.7826673789751,25.91280499037284,0.2672570213086881,slightly_off
D4_slightly_off_665.wav,297.07275913109726,20.003463325407523,0.2557736221868971,slightly_off
E4_slightly_off_744.wav,332.2716949327909,13.819020355313278,0.25026228190538763,slightly_off
E4_slightly_off_750.wav,333.7445570970365,21.476110635885306,0.27563785148263314,slightly_off
E4_slightly_off_754.wav,332.7485825498736,16.30196486014989,0.2711337708305559,slightly_off
E4_slightly_off_740.wav,333.808801294622,21.809332666035438,0.2756771155758906,slightly_off
D4_slightly_off_661.wav,297.231799869807,20.93004800138124,0.2369826724857083,slightly_off
C3_slightly_off_21.wav,132.52382438644094,22.53468980563856,0.26996993715383194,slightly_off
C3_slightly_off_35.wav,133.19385460253397,31.265622477969846,0.2728600026150614,slightly_off
D4_slightly_off_675.wav,298.46664778162653,28.10755138724981,0.24310219565811972,slightly_off
B4_slightly_off_1060.wav,498.7896089622145,17.125036230507863,0.24078948803053205,slightly_off
B4_slightly_off_1074.wav,498.1103584761074,14.765839139961894,0.23794576317117916,slightly_off
B3_slightly_off_508.wav,249.68767659153153,19.156885662284793,0.2743010915543309,slightly_off
B3_slightly_off_509.wav,251.5267917745971,31.86183859382149,0.27059642792748473,slightly_off
B4_slightly_off_1075.wav,501.4847690239854,26.454404773409156,0.23923237254531243,slightly_off
B4_slightly_off_1061.wav,499.89098530446745,20.943556403039285,0.2208366173065433,slightly_off
D4_slightly_off_674.wav,296.46142384834326,16.43714865805714,0.26363985224215586,slightly_off
C3_slightly_off_34.wav,132.53651695739575,22.700492135119745,0.26548331771672584,slightly_off
C3_slightly_off_20.wav,133.64201275358832,37.080937995224225,0.2551810486132518,slightly_off
D4_slightly_off_660.wav,299.350125243407,33.224528514423355,0.22287438836007856,slightly_off
E4_slightly_off_741.wav,334.3036398495011,24.37381570478607,0.26190417315780135,slightly_off
E4_slightly_off_755.wav,332.1818066377176,13.35061232487913,0.2532352840686741,slightly_off
E4_slightly_off_743.wav,332.44491724992037,14.721324810369701,0.2703679784306101,slightly_off
E4_slightly_off_757.wav,333.8054676689872,21.79204338246517,0.27640862564146035,slightly_off
A3_slightly_off_439.wav,223.53548366000817,27.6004042885691,0.2697814861019723,slightly_off
C3_slightly_off_36.wav,133.61192145628087,36.6910834634029,0.2544767190037884,slightly_off
D4_slightly_off_676.wav,299.1707604080202,32.186895486179964,0.22840328453700598,slightly_off
D4_slightly_off_662.wav,296.56981877771875,17.070022547600875,0.2422734884286396,slightly_off
C3_slightly_off_22.wav,133.16696220613744,30.916043789792827,0.27865691120732156,slightly_off
B4_slightly_off_1077.wav,502.86676419269264,31.21878959805372,0.23227465039078113,slightly_off
B4_slightly_off_1063.wav,501.5089890955832,26.538015687813406,0.23310616325543793,slightly_off
B4_slightly_off_1062.wav,498.6425813072023,16.614647079569373,0.22059691250517052,slightly_off
B4_slightly_off_1076.wav,500.1726862523299,21.918874873979007,0.23044967941130798,slightly_off
C3_slightly_off_23.wav,132.7183370363986,25.0738561368174,0.25101128148912166,slightly_off
D4_slightly_off_663.wav,297.88559644908185,24.73392051987222,0.22914436869305196,slightly_off
D4_slightly_off_677.wav,297.9939939516423,25.363784178100126,0.22817826513146938,slightly_off
C3_slightly_off_37.wav,132.33591614008037,20.078195601317383,0.24537950583220206,slightly_off
A3_slightly_off_438.wav,222.49115476882977,19.49335021172772,0.27774002804732106,slightly_off
E4_slightly_off_756.wav,334.58643652983704,25.837695311974855,0.262621095769883,slightly_off
E4_slightly_off_742.wav,335.1848191023625,28.931111312849385,0.2669491608107244,slightly_off
A3_slightly_off_421.wav,223.15054740088073,24.616586227790087,0.2829320028450994,slightly_off
A3_slightly_off_435.wav,222.3268112333765,18.214098207481424,0.25803350255628726,slightly_off
B3_slightly_off_513.wav,249.32703376999922,16.654525599839065,0.2723294715115023,slightly_off
B3_slightly_off_507.wav,249.84118876728377,20.22095035365801,0.2822641928770147,slightly_off
B3_slightly_off_506.wav,249.47806922780117,17.70294203977828,0.28977371041985617,slightly_off
B3_slightly_off_512.wav,249.68869647288608,19.163957095465392,0.2747821491328398,slightly_off
A3_slightly_off_434.wav,222.16672654658916,16.96708762610272,0.2718763533334048,slightly_off
A3_slightly_off_420.wav,224.21816959199072,32.879602068523866,0.26970436909643386,slightly_off
E4_slightly_off_758.wav,335.01113051000965,28.033774908707564,0.2650822940210169,slightly_off
D4_slightly_off_679.wav,299.07771674673984,31.648388956173275,0.23881259931468563,slightly_off
A3_slightly_off_436.wav,222.91838153664565,22.814472431407218,0.26143054197299276,slightly_off
C3_slightly_off_39.wav,132.22335127545162,18.60498213170573,0.2544915228434258,slightly_off
A3_slightly_off_422.wav,224.1558102819286,32.39804619598069,0.28696478788148766,slightly_off
B4_slightly_off_1078.wav,502.49381919585755,29.934364651951878,0.2401747145062304,slightly_off
B3_slightly_off_504.wav,250.884061844152,27.432330198668037,0.268898476157912,slightly_off
B3_slightly_off_510.wav,249.8299902113008,20.143350034740827,0.2855244403932203,slightly_off
B3_slightly_off_511.wav,250.19598366152013,22.67770012460267,0.2764793896143559,slightly_off
B3_slightly_off_505.wav,250.1300016662238,22.221076719484994,0.2917495495494131,slightly_off
B4_slightly_off_1079.wav,498.7733023235745,17.068437077266452,0.2427534575148415,slightly_off
A3_slightly_off_423.wav,224.40038218382114,34.28593116144017,0.28167000798019337,slightly_off
C3_slightly_off_38.wav,133.46184968287687,34.74548326344989,0.27664485055437255,slightly_off
A3_slightly_off_437.wav,223.98526312490938,31.080349260894156,0.26844487009366136,slightly_off
D4_slightly_off_678.wav,297.5803834676202,22.959192257240957,0.23261006486815972,slightly_off
E4_slightly_off_759.wav,334.8006582458687,26.945777449796342,0.27978860276309764,slightly_off
E4_slightly_off_749.wav,333.6114953784929,20.785741589352682,0.25957285693733984,slightly_off
A3_slightly_off_433.wav,223.50057489650234,27.330022340812743,0.2812997984360053,slightly_off
A3_slightly_off_427.wav,222.38587335989908,18.67394731271164,0.2667731928359949,slightly_off
C3_slightly_off_28.wav,133.31267591834856,32.8093559161057,0.2523309467269121,slightly_off
D4_slightly_off_668.wav,297.6384581141008,23.29702029180586,0.23121375418979667,slightly_off
B4_slightly_off_1069.wav,498.949948647092,17.68146505434094,0.22076629326281877,slightly_off
B3_slightly_off_501.wav,250.88536666709697,27.441334150610874,0.2689391406330426,slightly_off
B3_slightly_off_515.wav,249.0302699603292,14.592680940541756,0.276161721660965,slightly_off
B3_slightly_off_514.wav,251.30238789377498,30.31659945209058,0.2676077365263231,slightly_off
B3_slightly_off_500.wav,249.83246029108955,20.160466735144837,0.2844273633162562,slightly_off
B4_slightly_off_1068.wav,499.6896506774374,20.246149202985134,0.22409380157046116,slightly_off
D4_slightly_off_669.wav,297.8417597196001,24.479134037332383,0.23823130334092504,slightly_off
C3_slightly_off_29.wav,132.50737073402343,22.31973304690416,0.273762514662339,slightly_off
A3_slightly_off_426.wav,221.88957939569377,14.806070475297465,0.2528408555349808,slightly_off
A3_slightly_off_432.wav,222.61592935559278,20.4639661665175,0.2603018943393677,slightly_off
E4_slightly_off_748.wav,334.10294276675955,23.334168152925084,0.280384477092239,slightly_off
A3_slightly_off_424.wav,223.57710153212096,27.92269571961214,0.26596448884987023,slightly_off
A3_slightly_off_430.wav,224.46570649898425,34.7898305750611,0.2917730110175308,slightly_off
B3_slightly_off_516.wav,250.78511915249567,26.74943810399143,0.288866661071936,slightly_off
B3_slightly_off_502.wav,251.79192816907414,33.68578504379468,0.2836267420318266,slightly_off
B3_slightly_off_503.wav,250.94340998339317,27.841815632010075,0.26908570283663524,slightly_off
B3_slightly_off_517.wav,249.1552058553595,15.461005251310914,0.28858378441192384,slightly_off
A3_slightly_off_431.wav,223.9022262876868,30.438419289766454,0.2674634402970277,slightly_off
A3_slightly_off_425.wav,224.39247005864146,34.22488856486344,0.2796190819579681,slightly_off
A4_slightly_off_980.wav,447.31582224446356,28.548318989056636,0.2249041747602554,slightly_off
A4_slightly_off_994.wav,446.5194339356197,25.46333232770121,0.2344575291500607,slightly_off
E3_slightly_off_185.wav,168.2162345634423,35.4157978754632,0.2517421699867933,slightly_off
E3_slightly_off_191.wav,166.42317716109528,16.863101295752802,0.2853368446677664,slightly_off
F3_slightly_off_276.wav,176.91298989509244,22.684556516801653,0.24492087254773517,slightly_off
F4_slightly_off_839.wav,352.5230232960286,16.247983867270715,0.25713480270996014,slightly_off
F3_slightly_off_262.wav,178.00600199573253,33.34764184050248,0.25337342101180393,slightly_off
G3_slightly_off_343.wav,199.47252265889995,30.403649452356603,0.26536234442458817,slightly_off
D3_slightly_off_107.wav,149.29116234922122,28.77839692528597,0.23780915956306412,slightly_off
G4_slightly_off_918.wav,396.6424059411065,20.382327933371183,0.25752384193603717,slightly_off
D3_slightly_off_113.wav,149.62129716215293,32.602532341091205,0.23851042261684255,slightly_off
G3_slightly_off_357.wav,199.44220126822492,30.14046827149679,0.2657692012800506,slightly_off
G3_slightly_off_356.wav,199.32958780808667,29.16266458980272,0.23992798504501478,slightly_off
D3_slightly_off_112.wav,149.60683496287064,32.435185429799056,0.23775341169459482,slightly_off
D3_slightly_off_106.wav,148.92247428162864,24.497669400434237,0.2355532159591716,slightly_off
G3_slightly_off_342.wav,199.79755573255997,33.22233524400765,0.26712668818523067,slightly_off
G4_slightly_off_919.wav,395.84551475924485,16.900620322701364,0.26003739347406224,slightly_off
F4_slightly_off_838.wav,352.26078710223317,14.959667530121703,0.2528871183897456,slightly_off
F3_slightly_off_263.wav,176.86147749029834,22.180393339519874,0.25366274190801114,slightly_off
F3_slightly_off_277.wav,176.3811214157143,17.471961756400734,0.24630667177103524,slightly_off
E3_slightly_off_190.wav,167.92125362605643,32.37727232169273,0.24997394791288752,slightly_off
E3_slightly_off_184.wav,166.68743143986157,19.609853210383026,0.26760450042865214,slightly_off
A4_slightly_off_995.wav,445.71667032869715,22.348076045155214,0.24575308818338945,slightly_off
A4_slightly_off_981.wav,445.56753447517013,21.768711867980908,0.23863670286634503,slightly_off
A4_slightly_off_997.wav,445.5788093775588,21.812519476127065,0.23887539732285293,slightly_off
A4_slightly_off_983.wav,446.54802436072697,25.57417886450001,0.2303760923109371,slightly_off
E3_slightly_off_192.wav,166.95891269485375,22.427193812566234,0.2632880156907227,slightly_off
E3_slightly_off_186.wav,166.7190231865631,19.93793748688068,0.27157672842917924,slightly_off
F3_slightly_off_261.wav,178.1000105996378,34.261700542183405,0.275172024318904,slightly_off
F3_slightly_off_275.wav,177.44621362378876,27.894726098802195,0.2726456513397279,slightly_off
D3_slightly_off_110.wav,148.98660943190183,25.243084452746835,0.23758346981951425,slightly_off
G3_slightly_off_354.wav,199.68231432636077,32.22348715797304,0.2415411912279063,slightly_off
G3_slightly_off_340.wav,199.60997826736772,31.596224112846276,0.24120844783872047,slightly_off
C5_slightly_off_1149.wav,532.5416358467214,30.472701460262716,0.23146640264373447,slightly_off
D3_slightly_off_104.wav,149.44946892112483,30.6132042761203,0.26318065025198967,slightly_off
C4_slightly_off_589.wav,264.21905049006307,17.04781468479133,0.24276595893205485,slightly_off
C4_slightly_off_588.wav,263.8769884460965,14.805080422216484,0.24146077898938237,slightly_off
D3_slightly_off_105.wav,148.83764700949956,23.511265545308166,0.26198435006663423,slightly_off
C5_slightly_off_1148.wav,528.4576521979923,17.144951767966045,0.2754897040183627,slightly_off
G3_slightly_off_341.wav,197.837635091648,16.155893925862898,0.25115159671930465,slightly_off
G3_slightly_off_355.wav,198.6028610017779,22.83930194907153,0.2386032869196798,slightly_off
D3_slightly_off_111.wav,149.6383437999395,32.799763880200494,0.23938525230809343,slightly_off
F3_slightly_off_274.wav,178.22888576796083,35.513987917598335,0.2568630795814938,slightly_off
F3_slightly_off_260.wav,177.38647800650546,27.311824139658036,0.2555207458073291,slightly_off
E3_slightly_off_187.wav,168.04235209433068,33.62532298596796,0.252824059233823,slightly_off
E3_slightly_off_193.wav,168.27624940942474,36.03334359113123,0.24524599790472548,slightly_off
A4_slightly_off_982.wav,448.13367003966204,31.710722577212763,0.24222419943266774,slightly_off
A4_slightly_off_996.wav,448.1586125077916,31.80707786431185,0.23428795529706942,slightly_off
A4_slightly_off_992.wav,445.36512988692124,20.982098614457247,0.24475384980461828,slightly_off
A4_slightly_off_986.wav,445.9199033421433,23.13728530205436,0.23616752650955503,slightly_off
E3_slightly_off_197.wav,168.22287815334957,35.48417047913665,0.2499140709946646,slightly_off
E3_slightly_off_183.wav,168.2574631094244,35.84005845481097,0.24559984691236705,slightly_off
F3_slightly_off_264.wav,178.19547966972598,35.1894659124377,0.26484033179967037,slightly_off
F3_slightly_off_270.wav,177.79347064631108,31.279389464286908,0.27780376256834044,slightly_off
D3_slightly_off_115.wav,149.54294232455067,31.695668832934857,0.24516218663064604,slightly_off
C5_slightly_off_1158.wav,530.6146186093713,24.196819634119848,0.2457975828421821,slightly_off
G3_slightly_off_351.wav,199.23892498970642,28.3750531461909,0.23943567514907282,slightly_off
G3_slightly_off_345.wav,198.60440983672657,22.852803191351544,0.23865735401834268,slightly_off
D3_slightly_off_101.wav,148.7292167586138,22.249578351958775,0.24474453600181909,slightly_off
C4_slightly_off_598.wav,265.95379829267,28.37719598847002,0.2559730074889545,slightly_off
C4_slightly_off_599.wav,264.74279549490154,20.476135606600895,0.2633564103934906,slightly_off
D3_slightly_off_100.wav,149.289971037867,28.76458199494465,0.23785416290463793,slightly_off
G3_slightly_off_344.wav,198.94916514883167,25.85542886035767,0.23885515205159558,slightly_off
G3_slightly_off_350.wav,198.8563552208734,25.04761850046766,0.24485162146632528,slightly_off
C5_slightly_off_1159.wav,529.4959412740596,20.54306296955421,0.2652361848733155,slightly_off
D3_slightly_off_114.wav,148.6312887579038,21.109303889345362,0.23737304628294367,slightly_off
F3_slightly_off_271.wav,176.44604773275583,18.109115931816586,0.2647877651345069,slightly_off
F3_slightly_off_265.wav,177.88570909867911,32.17731299788823,0.25509124032414504,slightly_off
E3_slightly_off_182.wav,166.59314503302863,18.630307123686077,0.2679099242807365,slightly_off
E3_slightly_off_196.wav,167.4578474685645,27.593044405637755,0.281487912338861,slightly_off
A4_slightly_off_987.wav,444.94308651542775,19.340743640569723,0.24499436386289075,slightly_off
A4_slightly_off_993.wav,447.6734162943355,29.931752445387794,0.2272683736593465,slightly_off
A4_slightly_off_985.wav,445.33396177714417,20.86093694848472,0.24138486528817704,slightly_off
A4_slightly_off_991.wav,445.8890332027192,23.01743129678118,0.2358000669459721,slightly_off
E3_slightly_off_180.wav,167.39354518338763,26.928138663315675,0.2649382080592962,slightly_off
E3_slightly_off_194.wav,167.91539244415233,32.3168436710383,0.25049371500912704,slightly_off
F4_slightly_off_828.wav,354.29865227870596,24.94617727617674,0.2620736874963292,slightly_off
F3_slightly_off_273.wav,177.40127594054155,27.456241115661037,0.2599001156295847,slightly_off
F3_slightly_off_267.wav,176.6323855007482,19.936439767888903,0.2419026429358604,slightly_off
G3_slightly_off_346.wav,199.1638693229008,27.722753868467667,0.2568959195860594,slightly_off
D3_slightly_off_102.wav,148.99784188369435,25.373601349994694,0.23749859856816752,slightly_off
D3_slightly_off_116.wav,149.47891327478038,30.95425631936642,0.2675214070280581,slightly_off
G3_slightly_off_352.wav,197.86868318566636,16.427567715998357,0.23949361683268605,slightly_off
G4_slightly_off_909.wav,397.0607490316462,22.207317200616888,0.26877695391709083,slightly_off
G3_slightly_off_353.wav,198.20669122315442,19.382415218381812,0.23878887388184797,slightly_off
D3_slightly_off_117.wav,149.85817279442256,35.34119917229471,0.2549819777154273,slightly_off
G4_slightly_off_908.wav,398.3898682842427,27.99276408239496,0.26900130890568513,slightly_off
D3_slightly_off_103.wav,149.69776767892466,33.48712928673231,0.24003889573407097,slightly_off
G3_slightly_off_347.wav,198.1568484139494,18.94700903076577,0.2570434132318071,slightly_off
F3_slightly_off_266.wav,177.2858832057355,26.329773278256447,0.24771797831546882,slightly_off
F4_slightly_off_829.wav,353.26294019733996,19.877893977627306,0.257357240496232,slightly_off
F3_slightly_off_272.wav,177.3045873233391,26.51241329807878,0.2472794476563055,slightly_off
E3_slightly_off_195.wav,167.4807879910654,27.830194793884584,0.2822951792980301,slightly_off
E3_slightly_off_181.wav,167.215613130632,25.086933486876756,0.2659645132564476,slightly_off
A4_slightly_off_990.wav,444.3525481182877,17.041485011899624,0.25167046875831284,slightly_off
A4_slightly_off_984.wav,445.31302213035445,20.77953223896558,0.24112470382079446,slightly_off
B4_off_pitch_1089.wav,511.6227474166608,61.10383530368313,0.24036212722694786,off_pitch
G3_off_pitch_374.wav,204.7012224894843,75.19927670219488,0.27701330970428767,off_pitch
G3_off_pitch_360.wav,204.25210169519647,71.39672282709735,0.2723541796659312,off_pitch
F4_off_pitch_859.wav,364.35165340149797,73.38484924697474,0.22276761018176347,off_pitch
G4_off_pitch_937.wav,409.2402678783788,74.51334493297901,0.2155034734358197,off_pitch
G4_off_pitch_923.wav,410.7764886466735,80.99994606925347,0.24658350660162254,off_pitch
B3_off_pitch_538.wav,256.96070082237105,68.8646228515002,0.2144504657306995,off_pitch
C3_off_pitch_46.wav,136.80245173215417,77.5455019123702,0.30834155633298976,off_pitch
C3_off_pitch_52.wav,135.6064109589376,62.343061023870455,0.2722315935680035,off_pitch
C4_off_pitch_608.wav,270.6016785195066,58.371372275270076,0.2652395390471439,off_pitch
A3_off_pitch_448.wav,227.86836177708258,60.836525731864825,0.27235944967308034,off_pitch
A3_off_pitch_449.wav,227.2783182114869,56.347844924763734,0.2721668766016984,off_pitch
C4_off_pitch_609.wav,273.55677710983275,77.17478344338502,0.2463161441259569,off_pitch
C3_off_pitch_53.wav,136.29634492448946,71.12884719495837,0.27893927923122236,off_pitch
C3_off_pitch_47.wav,136.6287748767131,75.34622621267005,0.2816690507659423,off_pitch
B3_off_pitch_539.wav,255.6012721973227,59.68136398627465,0.22399112836127982,off_pitch
G4_off_pitch_922.wav,409.41943907436,75.27113788996222,0.23405526810463798,off_pitch
F4_off_pitch_858.wav,363.8652791847712,71.07227536380253,0.22010776276664848,off_pitch
G4_off_pitch_936.wav,406.37254526782436,62.33913823712456,0.22902588189803472,off_pitch
G3_off_pitch_361.wav,205.18964172624123,79.32509889981988,0.2844550192496805,off_pitch
G3_off_pitch_375.wav,203.60978381494039,65.94387938458486,0.26818146209217053,off_pitch
B4_off_pitch_1088.wav,510.30604482739335,56.64262111000149,0.2530569606409151,off_pitch
G3_off_pitch_363.wav,204.9541154565734,77.33676610099674,0.2762782579746067,off_pitch
G3_off_pitch_377.wav,202.63334837164174,57.62156494996443,0.2599652192220926,off_pitch
G4_off_pitch_920.wav,404.40553440453635,53.93890407205775,0.24218969050794492,off_pitch
G4_off_pitch_934.wav,405.0989951543179,56.905022510058046,0.2418508097485938,off_pitch
C3_off_pitch_51.wav,137.4999714435632,86.35018152941035,0.31438396455905254,off_pitch
C3_off_pitch_45.wav,136.3289044702259,71.54236864679909,0.27905593651592253,off_pitch
E3_off_pitch_209.wav,171.12370732620053,65.08303358538883,0.24818386455269162,off_pitch
D4_off_pitch_688.wav,303.7042687563518,58.22450387555162,0.21831199238414523,off_pitch
D4_off_pitch_689.wav,305.0540112925853,65.90152164073821,0.23152154409047856,off_pitch
E3_off_pitch_208.wav,170.6332053315684,60.11356958414154,0.2220373038348113,off_pitch
C3_off_pitch_44.wav,135.7955385285057,64.75589661087726,0.2981836862097385,off_pitch
C3_off_pitch_50.wav,135.90167930555552,66.1085386293403,0.27918355470045064,off_pitch
G4_off_pitch_935.wav,405.3176822772055,57.83935323884989,0.22053603345337658,off_pitch
G4_off_pitch_921.wav,410.2802040216833,78.90707001545755,0.22497571622123183,off_pitch
G3_off_pitch_376.wav,204.6316780819179,74.61101395912453,0.27397727695989477,off_pitch
G3_off_pitch_362.wav,202.8924525116272,59.83385314203933,0.2628815191694706,off_pitch
G3_off_pitch_366.wav,203.05634369309794,61.231733918000025,0.2723557123251284,off_pitch
G3_off_pitch_372.wav,205.84954673860355,84.883941171622,0.2891070579308437,off_pitch
G4_off_pitch_925.wav,405.7657834460614,59.7522712372122,0.23902088485087858,off_pitch
G4_off_pitch_931.wav,404.1373342302355,52.79037550602405,0.24635362464027333,off_pitch
C3_off_pitch_54.wav,135.39378235792393,59.626384368314966,0.27552890707133815,off_pitch
C3_off_pitch_40.wav,136.509206033097,73.83049657441866,0.3048450876203035,off_pitch
D4_off_pitch_699.wav,303.6104311835757,57.6895100663102,0.2155305181956316,off_pitch
E3_off_pitch_218.wav,170.82915008296115,62.100472428351566,0.24439815066347137,off_pitch
E3_off_pitch_219.wav,170.7805510075651,61.60788469224307,0.24869371031279497,off_pitch
D4_off_pitch_698.wav,306.1140129923723,71.90678632046134,0.2515202152606944,off_pitch
C3_off_pitch_41.wav,135.3390493696198,58.92639084595174,0.2704093570287906,off_pitch
C3_off_pitch_55.wav,135.99857711472032,67.34246754000975,0.2763070097051386,off_pitch
G4_off_pitch_930.wav,409.25795151403605,74.5881514785294,0.21344611257392376,off_pitch
G4_off_pitch_924.wav,404.1488479471323,52.83969699428855,0.24363550931520161,off_pitch
G3_off_pitch_373.wav,205.41935982991725,81.26220131479701,0.2917683141525592,off_pitch
G3_off_pitch_367.wav,204.83729885070994,76.34974253737677,0.2896454874587958,off_pitch
G3_off_pitch_371.wav,205.8059004030087,84.51682822264203,0.30008277487361545,off_pitch
G3_off_pitch_365.wav,204.89546359537613,76.84126675182667,0.2762003438833019,off_pitch
B4_off_pitch_1098.wav,512.1723807718511,62.96269171787414,0.24646007907426065,off_pitch
B3_off_pitch_529.wav,256.32293719303146,64.56244527640477,0.21848675420406502,off_pitch
G4_off_pitch_932.wav,409.8163620100113,76.94871729729478,0.22972953105550686,off_pitch
F4_off_pitch_848.wav,363.93717887297163,71.41433298495157,0.2209969416979134,off_pitch
G4_off_pitch_926.wav,406.5172573505175,62.955532948214405,0.222393939758547,off_pitch
C4_off_pitch_619.wav,274.1270096250216,80.77980636651505,0.261510539714407,off_pitch
C3_off_pitch_43.wav,137.16448879001658,82.12102657411826,0.31221894000432954,off_pitch
C3_off_pitch_57.wav,136.09846282584238,68.61352548253853,0.29201845414400984,off_pitch
A3_off_pitch_459.wav,230.85528422671385,83.38227838521058,0.2530291095002818,off_pitch
A3_off_pitch_458.wav,230.30231521343342,79.23046892203297,0.25146338382022704,off_pitch
C3_off_pitch_56.wav,136.06095082878966,68.13629012929206,0.28134114898643964,off_pitch
C3_off_pitch_42.wav,136.3775342885149,72.15980619977704,0.28150632302738404,off_pitch
C4_off_pitch_618.wav,270.7879911426111,59.56293830505422,0.28331033105810843,off_pitch
F4_off_pitch_849.wav,365.7919734241011,80.2151062196766,0.24148534489417542,off_pitch
G4_off_pitch_927.wav,404.9062025417211,56.08090646095539,0.22331172096255464,off_pitch
G4_off_pitch_933.wav,406.82803250540155,64.27852470247356,0.2294609363010886,off_pitch
B3_off_pitch_528.wav,257.6783777632122,73.69312349718791,0.21386139890201036,off_pitch
B4_off_pitch_1099.wav,511.07223831996123,59.24001432504911,0.2590192568871326,off_pitch
G3_off_pitch_364.wav,204.83107378742,76.29712904682795,0.29183774095912624,off_pitch
G3_off_pitch_370.wav,204.49405220857662,73.44627368830892,0.2905535492646768,off_pitch
A4_off_pitch_1003.wav,455.91927900885617,61.52987107778416,0.2173478326009431,off_pitch
A4_off_pitch_1017.wav,456.0003943902506,61.837858096026494,0.21970318169297787,off_pitch
F3_off_pitch_286.wav,181.00844619329172,62.30499906005961,0.2765051513399238,off_pitch
F3_off_pitch_292.wav,183.13860085334582,82.55966470902722,0.3050298730358052,off_pitch
D3_off_pitch_139.wav,153.20027399147784,73.52653285299318,0.2566144199492425,off_pitch
E4_off_pitch_779.wav,341.7873602326076,62.70179441154805,0.24221836269396907,off_pitch
E4_off_pitch_778.wav,340.7952868469657,57.6694003385207,0.25066061643698234,off_pitch
D3_off_pitch_138.wav,152.5368099676576,66.0128004887174,0.25516236897936495,off_pitch
F3_off_pitch_293.wav,180.40359527327635,56.5102862955266,0.28417028004812955,off_pitch
F3_off_pitch_287.wav,183.27598944637984,83.85793081336479,0.28216787225286294,off_pitch
A4_off_pitch_1016.wav,453.91901946395865,53.91769863782609,0.21891580639124758,off_pitch
A4_off_pitch_1002.wav,459.378975511136,74.61756763941041,0.23733129509289014,off_pitch
A4_off_pitch_1014.wav,454.48218210908135,56.064253419162455,0.23693570641201417,off_pitch
A4_off_pitch_1000.wav,455.41885958578496,59.628615782042374,0.23589476819198194,off_pitch
F3_off_pitch_291.wav,182.3178373703619,74.78343789582492,0.28088205265933947,off_pitch
F3_off_pitch_285.wav,180.9038542868827,61.304352912178516,0.2763781820000203,off_pitch
C5_off_pitch_1179.wav,541.060471561582,57.94732707393387,0.23211016550799324,off_pitch
C5_off_pitch_1178.wav,548.1660579365589,80.53511252211241,0.2579071054255356,off_pitch
F3_off_pitch_284.wav,182.4951393993695,76.46622525976207,0.3018159740854132,off_pitch
F3_off_pitch_290.wav,183.14386568691287,82.60943317990557,0.3045213486485478,off_pitch
A4_off_pitch_1001.wav,455.2349456222711,58.9293420992403,0.21763889739440428,off_pitch
A4_off_pitch_1015.wav,456.39369172929713,63.33039251135427,0.2315518080083975,off_pitch
A4_off_pitch_1011.wav,457.2766527760184,66.67648492452633,0.2240870983739571,off_pitch
A4_off_pitch_1005.wav,458.54780075632914,71.48233187393485,0.22698858372441763,off_pitch
F3_off_pitch_294.wav,180.48690177978872,57.309548477946485,0.2968005887014597,off_pitch
F3_off_pitch_280.wav,182.28049332119986,74.4287939810114,0.28151551278616965,off_pitch
C5_off_pitch_1168.wav,546.5417567598398,75.39758170524098,0.2337813531236505,off_pitch
C5_off_pitch_1169.wav,543.3767390708946,65.34288163003275,0.22474608433621426,off_pitch
F3_off_pitch_281.wav,181.99002605427364,71.66784077467027,0.28033165289396506,off_pitch
F3_off_pitch_295.wav,183.36310782374784,84.68065978668145,0.283620341064027,off_pitch
A4_off_pitch_1004.wav,453.6135043154904,52.75208036265523,0.22026520241419717,off_pitch
A4_off_pitch_1010.wav,455.84207459035065,61.236682694997114,0.22554762481696564,off_pitch
A4_off_pitch_1006.wav,457.9526336607264,69.2338360807251,0.2251555545201871,off_pitch
A4_off_pitch_1012.wav,456.91241470896955,65.29694233440733,0.2198730929726852,off_pitch
F3_off_pitch_283.wav,183.04988280652748,81.7207977687638,0.2870706547992897,off_pitch
F3_off_pitch_297.wav,183.26200982909387,83.72587362148852,0.281880526371208,off_pitch
D3_off_pitch_128.wav,153.9136415728492,81.56920630363699,0.2465131020274959,off_pitch
E4_off_pitch_768.wav,344.205352341677,74.90637772400208,0.20629930630728563,off_pitch
E4_off_pitch_769.wav,344.6615559910254,77.19940529426056,0.20588692323055655,off_pitch
D3_off_pitch_129.wav,154.30891427337417,86.00956876237659,0.24475295147346252,off_pitch
F3_off_pitch_296.wav,183.05734282577887,81.79135108447186,0.2889097227584251,off_pitch
F3_off_pitch_282.wav,181.17791764548048,63.92513056736668,0.29337669253355086,off_pitch
A4_off_pitch_1013.wav,461.1438570418097,81.2560270762089,0.2561408203494818,off_pitch
A4_off_pitch_1007.wav,459.06778996305644,73.44442389873925,0.24142733257807905,off_pitch
D3_off_pitch_130.wav,152.1919516833991,62.09436065748637,0.2577529327069492,off_pitch
D3_off_pitch_124.wav,153.2791962198983,74.41816094146269,0.24511375714073994,off_pitch
E4_off_pitch_770.wav,340.86032700835716,57.99977168736803,0.23165009014923438,off_pitch
E4_off_pitch_764.wav,340.01011437674396,53.67613613976208,0.2375424182236705,off_pitch
C5_off_pitch_1173.wav,540.106047821811,54.89075572230765,0.2359845592323603,off_pitch
C5_off_pitch_1167.wav,546.5126279630083,75.30531042286061,0.2398963199797443,off_pitch
C5_off_pitch_1166.wav,541.6230752740819,59.74655787175228,0.22174818752796513,off_pitch
C5_off_pitch_1172.wav,540.553405409261,56.32410409015224,0.21366952736249234,off_pitch
E4_off_pitch_765.wav,341.51434700785916,61.31836506936133,0.2277745767599217,off_pitch
E4_off_pitch_771.wav,341.78981349518324,62.71422072379343,0.24148327934359148,off_pitch
D3_off_pitch_125.wav,154.05253342738854,83.1307695111484,0.2526131470355642,off_pitch
D3_off_pitch_131.wav,152.38540076417303,64.29351090775319,0.2525820793262351,off_pitch
A4_off_pitch_1009.wav,454.43212885680157,55.87357781056986,0.23902245051231724,off_pitch
F3_off_pitch_298.wav,181.96807418939306,71.45900456004864,0.28048539069451744,off_pitch
D3_off_pitch_127.wav,153.33052358750228,74.99778827572278,0.24403710183201638,off_pitch
D3_off_pitch_133.wav,153.12326566213147,72.6560842757436,0.2715675338137643,off_pitch
E4_off_pitch_767.wav,343.1239264025463,69.4586163375776,0.23218893910408275,off_pitch
E4_off_pitch_773.wav,341.2594529641231,60.025751709157696,0.22557270482912897,off_pitch
C5_off_pitch_1164.wav,546.1601213080168,74.18828513743485,0.24405831281944285,off_pitch
C5_off_pitch_1170.wav,546.8289286533621,76.30699290139934,0.24581096203094532,off_pitch
C5_off_pitch_1171.wav,542.8717388537142,63.733169576992715,0.22178024409745484,off_pitch
C5_off_pitch_1165.wav,541.7939230188761,60.292566354011115,0.24060639355905827,off_pitch
E4_off_pitch_772.wav,345.8020250008229,82.91852106401052,0.22655319057387177,off_pitch
E4_off_pitch_766.wav,344.28971243473865,75.33062787100651,0.20794303985129947,off_pitch
D3_off_pitch_132.wav,152.93026390712862,70.47260183361897,0.245661359126523,off_pitch
D3_off_pitch_126.wav,153.01916243793528,71.47867770448683,0.24543094371004737,off_pitch
F3_off_pitch_299.wav,183.1936268274889,83.079754581213,0.2913108153797022,off_pitch
A4_off_pitch_1008.wav,456.22852504488094,62.70375383064065,0.21649167788539733,off_pitch
A4_off_pitch_1018.wav,460.46339509921984,78.69953873383045,0.25461296724421884,off_pitch
F3_off_pitch_289.wav,183.05784903490417,81.79613846556454,0.2889013689889484,off_pitch
D3_off_pitch_122.wav,153.92236885878182,81.66736879310895,0.24589825091910908,off_pitch
D3_off_pitch_136.wav,152.63575436729414,67.13541726123663,0.24298460378553044,off_pitch
E4_off_pitch_762.wav,344.95694895324226,78.68252786610098,0.19802145011451333,off_pitch
E4_off_pitch_776.wav,340.97615823158156,58.58798004482977,0.22778818403133036,off_pitch
C5_off_pitch_1161.wav,547.9225183998398,79.76578793593764,0.2472938980804046,off_pitch
C5_off_pitch_1175.wav,545.2359908260228,71.25646868550018,0.22501651552970475,off_pitch
C5_off_pitch_1174.wav,547.0535190861963,77.01788941625594,0.24606600309821494,off_pitch
C5_off_pitch_1160.wav,541.2500144238861,58.55370216607659,0.22035007133070758,off_pitch
E4_off_pitch_777.wav,343.2128123495214,69.90703289481148,0.20889993561210676,off_pitch
E4_off_pitch_763.wav,345.67893133763647,82.30215139762915,0.21048626550858496,off_pitch
D3_off_pitch_137.wav,154.1639478877331,84.38238665300413,0.2686154279605415,off_pitch
D3_off_pitch_123.wav,152.79296171708594,68.91758590763402,0.2716474280151404,off_pitch
F3_off_pitch_288.wav,183.1913712313186,83.05843839789934,0.29248160819669716,off_pitch
A4_off_pitch_1019.wav,454.03391430749144,54.35584880805929,0.22803004657543877,off_pitch
D3_off_pitch_135.wav,153.40661876233582,75.85675539874428,0.25896604147380786,off_pitch
D3_off_pitch_121.wav,153.4577858535121,76.4340932060919,0.2716272318455279,off_pitch
E4_off_pitch_775.wav,340.80111719561694,57.6990181535306,0.2493940158780092,off_pitch
E4_off_pitch_761.wav,343.7348374050636,72.53823113796231,0.23070186421210892,off_pitch
C5_off_pitch_1176.wav,544.0367244158982,67.44436240035276,0.22406076294192637,off_pitch
C5_off_pitch_1162.wav,544.6156365817516,69.28559764370603,0.22345941183027043,off_pitch
C5_off_pitch_1163.wav,541.5983126671235,59.66740532030777,0.221668265305752,off_pitch
C5_off_pitch_1177.wav,547.1069664278388,77.18702339428253,0.2559847505494578,off_pitch
E4_off_pitch_760.wav,341.63201037091943,61.91473163202164,0.2206240643268983,off_pitch
E4_off_pitch_774.wav,340.5561794357305,56.45431259249707,0.2310059467554751,off_pitch
D3_off_pitch_120.wav,152.2622744709286,62.894120988615434,0.24571098529872193,off_pitch
D3_off_pitch_134.wav,153.79673076568415,80.25368366935689,0.27227437178201486,off_pitch
G3_off_pitch_369.wav,203.75543081239547,67.18183021017713,0.28572161160228116,off_pitch
B4_off_pitch_1080.wav,511.13449978358807,59.450909365926606,0.2633020574062717,off_pitch
B4_off_pitch_1094.wav,513.3767885070066,67.02902554395106,0.22736843531762568,off_pitch
B3_off_pitch_525.wav,256.6781237533744,66.95975480305601,0.21698837410439417,off_pitch
B3_off_pitch_531.wav,256.0828740101378,62.940271688698246,0.23848375337511837,off_pitch
F4_off_pitch_844.wav,361.6062210665925,60.290401857888426,0.22651371244984408,off_pitch
F4_off_pitch_850.wav,360.41553362037837,54.58043396855231,0.25486131638399506,off_pitch
C4_off_pitch_601.wav,274.5789842504,83.63187667911295,0.23595967657550704,off_pitch
C4_off_pitch_615.wav,274.4664421019031,82.92214741879974,0.2575887500753791,off_pitch
D4_off_pitch_682.wav,306.2480994151152,72.66494878537083,0.2304615993818339,off_pitch
D4_off_pitch_696.wav,307.95955783554,82.31296513434145,0.24582570438216989,off_pitch
A3_off_pitch_455.wav,227.3610852837346,56.978187011693144,0.2741103294967783,off_pitch
E3_off_pitch_203.wav,170.5888237929462,59.66321864142426,0.2214140660487429,off_pitch
E3_off_pitch_217.wav,172.57264943897272,79.68006222529004,0.14040519758862763,off_pitch
A3_off_pitch_441.wav,228.7940695996458,67.85536059524799,0.2843797103241431,off_pitch
E3_off_pitch_216.wav,172.57044289980684,79.65792627171335,0.13666851796102059,off_pitch
A3_off_pitch_440.wav,228.98890674222807,69.32902271490086,0.2624561707580216,off_pitch
A3_off_pitch_454.wav,227.74503172719022,59.89926976043921,0.2838149267705683,off_pitch
E3_off_pitch_202.wav,171.986582311163,73.79068094228681,0.2178125251217647,off_pitch
D4_off_pitch_697.wav,307.4709972302718,79.56427829847283,0.2593459787727883,off_pitch
D4_off_pitch_683.wav,303.48009890072234,56.94617549575295,0.22812250664924238,off_pitch
C4_off_pitch_614.wav,273.63103301689654,77.64465632089885,0.24552217353672542,off_pitch
C4_off_pitch_600.wav,273.4809710118391,76.69496975862866,0.26337460921061484,off_pitch
F4_off_pitch_851.wav,361.1358775105643,58.03710875234101,0.2487100566990022,off_pitch
F4_off_pitch_845.wav,364.0685737731028,72.03926026505616,0.23538513013771234,off_pitch
B3_off_pitch_530.wav,257.3043619895825,71.17844132996449,0.21443450148819002,off_pitch
B3_off_pitch_524.wav,257.28956019175126,71.07884677474169,0.21481458264386588,off_pitch
B4_off_pitch_1095.wav,515.7215839686049,74.91825532924356,0.21992016256040084,off_pitch
B4_off_pitch_1081.wav,514.3974920727958,70.46767424617474,0.22450426477978774,off_pitch
G3_off_pitch_368.wav,204.85214872863153,76.47524547354217,0.2846847417023853,off_pitch
B4_off_pitch_1097.wav,510.52643964041914,57.390158078665046,0.2546308923315855,off_pitch
B4_off_pitch_1083.wav,514.4206598057915,70.5456448149005,0.22900633408367838,off_pitch
B3_off_pitch_532.wav,258.6875997786202,80.46042350097851,0.20986366058111638,off_pitch
B3_off_pitch_526.wav,258.228193969744,77.38317495222705,0.2100214144915654,off_pitch
F4_off_pitch_853.wav,363.7439713002025,70.49500853551103,0.23874506201962556,off_pitch
G4_off_pitch_929.wav,410.7547271735167,80.90822903508575,0.2452917351790241,off_pitch
F4_off_pitch_847.wav,362.61606374190296,65.11840893093563,0.22086523051249196,off_pitch
C4_off_pitch_616.wav,272.0281092785881,67.47330970137898,0.26308252280205835,off_pitch
C4_off_pitch_602.wav,270.7397841027609,59.25470787688824,0.2787919149405617,off_pitch
C3_off_pitch_58.wav,136.98133097213304,79.80773871784685,0.28471508528026274,off_pitch
D4_off_pitch_695.wav,307.64411267634335,80.5387409892585,0.24330267046248352,off_pitch
D4_off_pitch_681.wav,307.0136489749994,76.98723419199904,0.23698274887068746,off_pitch
A3_off_pitch_442.wav,228.4616078173234,65.33786639049323,0.2867944400096568,off_pitch
E3_off_pitch_214.wav,170.99241386146477,63.754246582074316,0.2207850838718679,off_pitch
E3_off_pitch_200.wav,172.0566660077892,74.49600670673553,0.22928745532213757,off_pitch
A3_off_pitch_456.wav,230.99865108677554,84.45708398343577,0.24573130031435902,off_pitch
E3_off_pitch_201.wav,172.70273283724822,80.98455614827739,0.20743629502164887,off_pitch
A3_off_pitch_457.wav,227.99043897856038,61.763761150002686,0.26916935444101825,off_pitch
A3_off_pitch_443.wav,229.12082233314754,70.32606230790716,0.28301348917779723,off_pitch
E3_off_pitch_215.wav,172.41919843962134,78.1399701095275,0.2420450346113887,off_pitch
D4_off_pitch_680.wav,307.6764434622806,80.72066943920464,0.24454208566882507,off_pitch
D4_off_pitch_694.wav,306.5849749558488,74.56827446914791,0.2327978682416895,off_pitch
C3_off_pitch_59.wav,136.17101189143716,69.5361365515074,0.30316215810544206,off_pitch
C4_off_pitch_603.wav,270.2729668171989,56.26708816311609,0.26703693265084244,off_pitch
C4_off_pitch_617.wav,272.09188075527055,67.87911487053127,0.2758923320768586,off_pitch
G4_off_pitch_928.wav,404.5758912089315,54.6680370169704,0.2255589958243988,off_pitch
F4_off_pitch_846.wav,365.5110715347162,78.88513243488408,0.22219477329569814,off_pitch
F4_off_pitch_852.wav,364.0466462691796,71.93498654471776,0.22923975416353343,off_pitch
B3_off_pitch_527.wav,256.0977338395313,63.04072782554661,0.2418622505568241,off_pitch
B3_off_pitch_533.wav,259.1999646138767,83.88596911639857,0.22383914955779724,off_pitch
B4_off_pitch_1082.wav,515.6398295098465,74.64379072137193,0.2045039346735604,off_pitch
B4_off_pitch_1096.wav,517.1262027867297,79.62703324251463,0.10477821396707787,off_pitch
B4_off_pitch_1092.wav,509.4686915161659,53.79953265598742,0.2688251806928257,off_pitch
B4_off_pitch_1086.wav,512.160174738997,62.921432656901345,0.24924544378219682,off_pitch
G4_off_pitch_938.wav,405.0655403069912,56.76204372415435,0.23658598823164392,off_pitch
F4_off_pitch_856.wav,366.09012812311283,81.62564924096868,0.24417171853343136,off_pitch
F4_off_pitch_842.wav,365.7566847616852,80.04808265047384,0.24124163683510644,off_pitch
B3_off_pitch_537.wav,257.32477194680666,71.31576123890409,0.21427922873548977,off_pitch
B3_off_pitch_523.wav,255.4024653657538,58.33428509794504,0.23930006130216558,off_pitch
C3_off_pitch_49.wav,135.3841596941505,59.50333828082333,0.2737119168818677,off_pitch
C4_off_pitch_613.wav,274.00617339279927,80.01650354357176,0.2440117001454847,off_pitch
C4_off_pitch_607.wav,272.04440971810703,67.5770454165019,0.2661379115894705,off_pitch
E3_off_pitch_211.wav,170.86474906070978,62.46120560367534,0.23172284523148795,off_pitch
A3_off_pitch_447.wav,228.2686563994497,63.87510330916216,0.2681779179681467,off_pitch
A3_off_pitch_453.wav,227.45825868786778,57.71795285801715,0.2916104812909541,off_pitch
E3_off_pitch_205.wav,171.40088211359924,67.88490270090087,0.23333627456167927,off_pitch
D4_off_pitch_690.wav,303.9244225380117,59.479012574626324,0.21600181362998458,off_pitch
D4_off_pitch_684.wav,302.9683124668212,54.02417159913821,0.21056671527059012,off_pitch
D4_off_pitch_685.wav,306.66119970424825,74.99864936896189,0.2324717530890252,off_pitch
D4_off_pitch_691.wav,306.32295330185815,73.0880494118361,0.22990727461542482,off_pitch
A3_off_pitch_452.wav,228.1636865285242,63.07880821442617,0.2825369274798446,off_pitch
E3_off_pitch_204.wav,172.0552503033915,74.4817618315043,0.22867548553701267,off_pitch
E3_off_pitch_210.wav,172.42061294465648,78.1541728738172,0.24255995404499128,off_pitch
A3_off_pitch_446.wav,227.70670974657864,59.60793563312043,0.2745949698182438,off_pitch
C4_off_pitch_606.wav,270.1330503546216,55.37062090792517,0.28550325275048355,off_pitch
C4_off_pitch_612.wav,273.1631464711924,74.68185478748656,0.2608535239967564,off_pitch
C3_off_pitch_48.wav,137.25044031729155,83.20553182270555,0.28704899885989876,off_pitch
B3_off_pitch_522.wav,256.7176261835756,67.22616897702828,0.22425252656128306,off_pitch
B3_off_pitch_536.wav,255.91091172157647,61.77733968208481,0.22148686020370362,off_pitch
F4_off_pitch_843.wav,366.07692613063386,81.5632161151818,0.24039609221163577,off_pitch
G4_off_pitch_939.wav,407.6387901084586,67.72522527418337,0.21868728890178007,off_pitch
F4_off_pitch_857.wav,365.3802366715731,78.2653254409997,0.22846931275242385,off_pitch
B4_off_pitch_1087.wav,513.9115586005555,68.83146451954936,0.21550299758835526,off_pitch
B4_off_pitch_1093.wav,511.0740325237103,59.24609209827978,0.2594943738911073,off_pitch
B4_off_pitch_1085.wav,510.80612289919986,58.338325620595405,0.2653744044158528,off_pitch
B4_off_pitch_1091.wav,514.5066130512105,70.83488816449122,0.2210530802634079,off_pitch
G3_off_pitch_378.wav,203.05708010424345,61.23801245977935,0.2727247914821864,off_pitch
F4_off_pitch_841.wav,365.24716846175994,77.6347106663404,0.21925507944785058,off_pitch
F4_off_pitch_855.wav,360.531516437219,55.137460738652635,0.23647237498480936,off_pitch
B3_off_pitch_520.wav,258.82261039020824,81.36372924635896,0.20381830357738967,off_pitch
B3_off_pitch_534.wav,257.92474334502936,75.34756079113922,0.21321443255432446,off_pitch
C4_off_pitch_604.wav,271.2840021504813,62.731194167083395,0.26132666493715456,off_pitch
C4_off_pitch_610.wav,271.57209475683027,64.56871898834086,0.2609197964933367,off_pitch
E3_off_pitch_206.wav,171.97596656066784,73.68381844356585,0.21690190801264744,off_pitch
A3_off_pitch_450.wav,229.3396447182932,71.97869244662505,0.2613526765529991,off_pitch
A3_off_pitch_444.wav,228.69641168948482,67.11624706736461,0.2678260538972495,off_pitch
E3_off_pitch_212.wav,171.55136670855327,69.40420500761853,0.22341727557259003,off_pitch
D4_off_pitch_687.wav,308.0124601821157,82.61033690193325,0.24681797342068923,off_pitch
D4_off_pitch_693.wav,307.72568350517616,80.99771118243127,0.25595527766936577,off_pitch
D4_off_pitch_692.wav,304.32726591621446,61.77219576834384,0.21511836358665007,off_pitch
D4_off_pitch_686.wav,304.36016794158604,61.95935621718364,0.21841460198557966,off_pitch
A3_off_pitch_445.wav,230.31652879098982,79.33731226877306,0.25149287280442767,off_pitch
E3_off_pitch_213.wav,173.2205997339215,86.1680716256398,0.22644998604958244,off_pitch
E3_off_pitch_207.wav,170.4501939366946,58.25575070900646,0.2504659006582552,off_pitch
A3_off_pitch_451.wav,230.33777215954973,79.49698620611807,0.25256043521958144,off_pitch
C4_off_pitch_611.wav,273.5661053543667,77.23381725489018,0.2458493934520582,off_pitch
C4_off_pitch_605.wav,274.4568490185774,82.86163669622904,0.25899164658092655,off_pitch
B3_off_pitch_535.wav,257.86012620317115,74.9137853807767,0.21152012044905538,off_pitch
B3_off_pitch_521.wav,255.30814244626913,57.694803367281644,0.22595972157521524,off_pitch
F4_off_pitch_854.wav,365.0578294292838,76.73703041458008,0.2310518016854836,off_pitch
F4_off_pitch_840.wav,361.6342953944977,60.424805922075706,0.2260865501692078,off_pitch
G3_off_pitch_379.wav,204.36899519039798,72.38722481571224,0.2754643631688562,off_pitch
B4_off_pitch_1090.wav,511.0949471631994,59.31693779352604,0.262955973926516,off_pitch
B4_off_pitch_1084.wav,513.0343916883455,65.87399320567663,0.22898122807190735,off_pitch
E3_in_tune_174.wav,165.06845992548182,2.7128459067899784,0.2918632221490822,in_tune
G3_in_tune_336.wav,196.72937957466576,6.430525811598864,0.24877430246623583,in_tune
G3_in_tune_322.wav,196.10239114219863,0.9041670733503282,0.26054226471383696,in_tune
E3_in_tune_160.wav,165.5639084931313,7.901315964855627,0.2825646112988627,in_tune
D4_in_tune_648.wav,294.68009672293095,6.003425432425224,0.26283068368009405,in_tune
F4_in_tune_813.wav,349.6636452064151,2.14837106633233,0.2318237999365118,in_tune
F4_in_tune_807.wav,349.7978824892182,2.8128712519583985,0.2506824276238147,in_tune
A4_in_tune_969.wav,441.51582900680154,5.953965406777343,0.26367928008742175,in_tune
A3_in_tune_400.wav,221.19120430123317,9.348592795058497,0.25545863475596875,in_tune
A3_in_tune_414.wav,219.98663594571448,-0.1051682207121407,0.2378395962704648,in_tune
A3_in_tune_415.wav,220.31166171866442,2.4508070812604594,0.2408115151751634,in_tune
A3_in_tune_401.wav,220.8947003668368,7.026339230955041,0.2438497094002252,in_tune
A4_in_tune_968.wav,440.0837896091227,0.32964912300866267,0.27257220560208234,in_tune
F4_in_tune_806.wav,350.16252544807827,4.616637168086537,0.24533050935542813,in_tune
F4_in_tune_812.wav,350.4851445165036,6.210959620162689,0.2506284992633875,in_tune
D4_in_tune_649.wav,294.690277203671,6.0632343256930845,0.2641255144453247,in_tune
G3_in_tune_323.wav,196.40946295169127,3.612942744771815,0.2529027317650551,in_tune
E3_in_tune_161.wav,165.68091943519735,9.12441935162198,0.2791232637926209,in_tune
E3_in_tune_175.wav,165.23586185808247,4.46766369934204,0.284133118775164,in_tune
G3_in_tune_337.wav,196.91414220245457,8.055688467741856,0.23637030196607056,in_tune
E3_in_tune_163.wav,165.57829724778108,8.051766747372385,0.280169304180277,in_tune
G3_in_tune_321.wav,196.31792386027905,2.805891339317851,0.23604810980199523,in_tune
G3_in_tune_335.wav,196.49316114421208,4.350536000925997,0.2554639850276974,in_tune
E3_in_tune_177.wav,165.91352323787035,11.553239846521794,0.2764649511071766,in_tune
F4_in_tune_804.wav,348.8742958993082,-1.7642266561584456,0.22607987313854297,in_tune
F4_in_tune_810.wav,349.75941485490443,2.6224751868156106,0.24963809632217257,in_tune
G4_in_tune_899.wav,392.9400869470074,4.146842127090894,0.2318428131805038,in_tune
D3_in_tune_98.wav,147.2325867751971,4.740299512523004,0.24240048699098232,in_tune
C5_in_tune_1138.wav,525.182373048919,6.381706425587729,0.25743575464075796,in_tune
A3_in_tune_417.wav,220.0021969202293,0.017288018699494066,0.23869078362743926,in_tune
A3_in_tune_403.wav,220.2031170882631,1.5976408637443822,0.24304008713784167,in_tune
A3_in_tune_402.wav,220.00234725308312,0.018471012641933692,0.2385427003065722,in_tune
A3_in_tune_416.wav,220.8622210970894,6.771768379679961,0.2501690704590276,in_tune
C5_in_tune_1139.wav,522.4164893312718,-2.759966720374731,0.24955034936377277,in_tune
D3_in_tune_99.wav,147.80574521680256,11.466697748109548,0.26810192378673336,in_tune
G4_in_tune_898.wav,391.62658286125236,-1.6499504436851136,0.21756807338173734,in_tune
F4_in_tune_811.wav,350.52268319934035,6.39637337269635,0.24043215908307447,in_tune
F4_in_tune_805.wav,350.27987909808917,5.196746639653486,0.2355520269250173,in_tune
G3_in_tune_334.wav,196.99411732463392,8.758672744658618,0.23594544932367106,in_tune
E3_in_tune_176.wav,165.7219543389381,9.553148421531471,0.28334518178612816,in_tune
E3_in_tune_162.wav,165.69761750983207,9.298892180505035,0.27955084248669865,in_tune
G3_in_tune_320.wav,196.26893142597552,2.373796531704556,0.23733904780013718,in_tune
G3_in_tune_324.wav,196.19646938748667,1.7345108802194442,0.2396281676844906,in_tune
E3_in_tune_166.wav,165.2109733998115,4.2068789565537825,0.29079814344421984,in_tune
E3_in_tune_172.wav,165.59691717256118,8.24643981709945,0.2792826216053715,in_tune
G3_in_tune_330.wav,196.64142248371613,5.656323392660683,0.23694843470516352,in_tune
G4_in_tune_888.wav,392.7717974743997,3.405225574484447,0.2509448017534769,in_tune
F4_in_tune_801.wav,350.2987258309947,5.289892806259498,0.23532705174463941,in_tune
F4_in_tune_815.wav,350.34375025343775,5.512396625085389,0.23761762911818082,in_tune
C3_in_tune_8.wav,131.80882684648597,13.168982623468553,0.2667708793127194,in_tune
D3_in_tune_89.wav,147.68027987118762,9.996510511366248,0.23903746828700762,in_tune
C5_in_tune_1129.wav,525.213706716966,6.484993012555041,0.2509681384339398,in_tune
A3_in_tune_412.wav,220.28739526561438,2.260108035736453,0.24083971682050598,in_tune
A3_in_tune_406.wav,220.50830650743615,3.995374936681685,0.2555373231995119,in_tune
A3_in_tune_407.wav,220.24134952754702,1.8981977141551862,0.23900264640395105,in_tune
A3_in_tune_413.wav,220.23106995867755,1.8173920207566951,0.23868652877262378,in_tune
C5_in_tune_1128.wav,525.1746456525599,6.356233312256539,0.25966654786463395,in_tune
D3_in_tune_88.wav,147.48888531717523,7.751365325285624,0.2688818720620831,in_tune
C3_in_tune_9.wav,131.5678561375277,10.001072633449262,0.24584222773711906,in_tune
F4_in_tune_814.wav,349.3117519472745,0.40522060406754745,0.22898919091663908,in_tune
F4_in_tune_800.wav,348.9383502724236,-1.446396038875228,0.2264593681844687,in_tune
G4_in_tune_889.wav,393.74446442922186,7.687184106298439,0.25263106884452813,in_tune
E3_in_tune_173.wav,165.81614936803552,10.53688841515969,0.30198109216807933,in_tune
G3_in_tune_331.wav,196.82563235696276,7.2773507397559065,0.25612221849138533,in_tune
G3_in_tune_325.wav,196.19562815643462,1.7270878569243717,0.23984892887346623,in_tune
E3_in_tune_167.wav,165.7938891943696,10.304461370348017,0.30104350557512033,in_tune
G3_in_tune_333.wav,196.35498577326638,3.132691810161005,0.23758833317617498,in_tune
E3_in_tune_171.wav,165.03500994006345,2.3619877112136316,0.2854074439858944,in_tune
E3_in_tune_165.wav,165.4489849934393,6.699190684458383,0.3023551851024711,in_tune
G3_in_tune_327.wav,196.584742548537,5.157240457258939,0.23709129627322348,in_tune
D4_in_tune_659.wav,294.7002870370423,6.1220386751720115,0.2665313745914682,in_tune
F4_in_tune_816.wav,348.86840547702775,-1.7934572008720004,0.2266984857345445,in_tune
F4_in_tune_802.wav,350.0791154316968,4.204201652556893,0.24884552152199924,in_tune
A4_in_tune_978.wav,439.77581405908825,-0.8823119172565482,0.27538676282093827,in_tune
A3_in_tune_405.wav,220.87607961196224,6.8803952874519965,0.24628853241434362,in_tune
A3_in_tune_411.wav,220.73246552757212,5.754377214100907,0.25639521326353804,in_tune
A3_in_tune_410.wav,220.15048844860482,1.183825728722593,0.26131127751895056,in_tune
A3_in_tune_404.wav,220.95604614926503,7.507062229959385,0.2461105951609509,in_tune
A4_in_tune_979.wav,440.42021804926145,1.652610504036296,0.2726821081159424,in_tune
F4_in_tune_803.wav,349.73713320710243,2.5121822984115343,0.24459221424321323,in_tune
F4_in_tune_817.wav,349.10122958293215,-0.6384698940080958,0.2471755551042458,in_tune
D4_in_tune_658.wav,294.17378265494546,3.0262917130822293,0.2720641443612244,in_tune
E3_in_tune_164.wav,165.16298986216387,3.7039898430522666,0.30666129117825264,in_tune
G3_in_tune_326.wav,197.00646441753875,8.86717871465629,0.2360077543176061,in_tune
G3_in_tune_332.wav,196.79423452376716,7.001160422223688,0.26308816295704796,in_tune
E3_in_tune_170.wav,165.29276017381196,5.063704682981344,0.28199211897752113,in_tune
B4_in_tune_1048.wav,495.44915262544947,5.4917470573416844,0.23550091344233465,in_tune
C3_in_tune_17.wav,131.28082317325584,6.2200269019018615,0.23711336861811727,in_tune
B3_in_tune_482.wav,247.46348664795823,3.666148287104287,0.28680073318246435,in_tune
B3_in_tune_496.wav,247.67367316998516,5.135971661213878,0.26902700504123506,in_tune
E4_in_tune_729.wav,330.1506938716502,2.732553878163571,0.24790018266315184,in_tune
F3_in_tune_243.wav,174.85580949972913,2.43545339274026,0.24220689096491568,in_tune
F3_in_tune_257.wav,175.17028077719695,5.546213102420965,0.25132338038487684,in_tune
F3_in_tune_256.wav,174.9832133651487,3.6964100335504915,0.22928399192200133,in_tune
F3_in_tune_242.wav,174.9373046882927,3.242143073619604,0.2314065564737735,in_tune
E4_in_tune_728.wav,330.39972497213256,4.037923244554247,0.25375083071617777,in_tune
B3_in_tune_497.wav,248.17327825254262,8.624683733465199,0.2792640986893856,in_tune
B3_in_tune_483.wav,247.52284182372807,4.081342387882199,0.2723947951455804,in_tune
C3_in_tune_16.wav,131.62582918243882,10.763742230018899,0.23959835646563923,in_tune
B4_in_tune_1049.wav,494.82038184889103,3.2932556651965044,0.23576851167128454,in_tune
C4_in_tune_578.wav,261.61626763796926,-0.09087091183461819,0.22005461399261028,in_tune
C3_in_tune_14.wav,131.6079632642193,10.528741353425733,0.23938467909450378,in_tune
B3_in_tune_495.wav,247.631984974189,4.844547474995904,0.2676172584233872,in_tune
B3_in_tune_481.wav,247.63969953561647,4.89848034390651,0.2673465800803623,in_tune
F3_in_tune_254.wav,175.61718946994543,9.957453696441418,0.23522357203757246,in_tune
F3_in_tune_240.wav,175.46292439898804,8.436040491529019,0.2603982865695384,in_tune
F3_in_tune_241.wav,175.28939415707399,6.723028363244257,0.2326709970193027,in_tune
F3_in_tune_255.wav,175.19231631903503,5.7639799570237615,0.24262178320533942,in_tune
B3_in_tune_480.wav,246.85620396934553,-0.5875725316317524,0.2669596208266317,in_tune
B3_in_tune_494.wav,247.02990355020498,0.6301764048651003,0.26780990476861416,in_tune
C3_in_tune_15.wav,131.54209167653102,9.662018084987908,0.25705613628527746,in_tune
C4_in_tune_579.wav,262.4672068275037,5.531043401310627,0.24954792645938995,in_tune
C3_in_tune_11.wav,131.53475677456652,9.565480270234708,0.26044871029186334,in_tune
C4_in_tune_569.wav,261.8085475349082,1.181065419251924,0.2431380552585428,in_tune
B3_in_tune_490.wav,248.119238021709,8.247662984852639,0.28837388272140463,in_tune
B3_in_tune_484.wav,247.76983474108377,5.8080086766550885,0.2861299287173674,in_tune
F3_in_tune_251.wav,175.32139275732823,7.0390315696714385,0.23131539286354827,in_tune
F3_in_tune_245.wav,175.72745092537403,11.044069914577339,0.24524073104084593,in_tune
F3_in_tune_244.wav,175.0628270224579,4.483905738562875,0.24186341746851586,in_tune
F3_in_tune_250.wav,175.1592356256898,5.437048778678566,0.25486593000119395,in_tune
B3_in_tune_485.wav,246.85173097281665,-0.6189425111045709,0.26828613177512245,in_tune
B3_in_tune_491.wav,247.15105823066628,1.479044040173567,0.2813777048135132,in_tune
C4_in_tune_568.wav,262.399416406404,5.0838399379319394,0.24376364217542412,in_tune
C3_in_tune_10.wav,131.3220838041247,6.7640559871557056,0.23841912328985015,in_tune
C3_in_tune_12.wav,131.5363360174381,9.586265822930791,0.25989448225529416,in_tune
B4_in_tune_1059.wav,493.4829493790709,-1.3923706406858904,0.2340726484796911,in_tune
B3_in_tune_487.wav,246.9847858950643,0.3139541439502272,0.26369770074538534,in_tune
B3_in_tune_493.wav,247.75042556400726,5.67238625743978,0.28285534901443726,in_tune
E4_in_tune_738.wav,330.2317569165312,3.1575776017843404,0.2356321215241386,in_tune
F3_in_tune_246.wav,175.26098787466697,6.442452868600634,0.2334222605995548,in_tune
F3_in_tune_252.wav,175.18801846777583,5.721508472757069,0.2443330329350939,in_tune
F3_in_tune_253.wav,175.6311701836462,10.095270070164105,0.23471154278734804,in_tune
F3_in_tune_247.wav,175.1480898244946,5.326882709413732,0.25705849978650475,in_tune
E4_in_tune_739.wav,329.8448248769034,1.1279040248614245,0.23787689724885558,in_tune
B3_in_tune_492.wav,247.4218314728599,3.374707603859668,0.282778737738643,in_tune
B3_in_tune_486.wav,247.76464158855674,5.7717223518621985,0.2851327096391216,in_tune
B4_in_tune_1058.wav,494.67931791250965,2.799643203318704,0.22158674705777587,in_tune
C3_in_tune_13.wav,131.10249644750655,3.8667877748359323,0.2499212287074055,in_tune
B4_in_tune_1055.wav,494.1442400946894,0.9260126247869321,0.23671921015097658,in_tune
C4_in_tune_572.wav,261.648735750642,0.12397205253766479,0.2204871118984641,in_tune
B4_in_tune_1041.wav,493.7226187010263,-0.5517682124706486,0.2308628250026998,in_tune
C4_in_tune_566.wav,262.2780142322172,4.282678808977143,0.22602924542559708,in_tune
E4_in_tune_720.wav,329.62442645221535,-0.029272812777384197,0.23192876876282104,in_tune
E4_in_tune_734.wav,329.5127731019537,-0.6157913210483056,0.23641553311812935,in_tune
E4_in_tune_735.wav,330.3093959098945,3.5645507900245508,0.23691847057025514,in_tune
E4_in_tune_721.wav,331.0676621776174,7.534258961983542,0.2575091673939812,in_tune
C4_in_tune_567.wav,262.10979493888703,3.1719475020339476,0.24971973577936654,in_tune
B4_in_tune_1040.wav,493.9256347961826,0.15995963223273763,0.217795036902791,in_tune
C4_in_tune_573.wav,262.56753314665906,6.192669494326261,0.22808116138785467,in_tune
B4_in_tune_1054.wav,495.4326730188242,5.434161873378868,0.23260746027098278,in_tune
B4_in_tune_1042.wav,493.7627153719838,-0.41117529496841804,0.23834259604767483,in_tune
C4_in_tune_565.wav,262.5528760676166,6.096025624236648,0.22903088538905195,in_tune
B4_in_tune_1056.wav,493.4567317866715,-1.4843494911124226,0.2391772444615697,in_tune
C4_in_tune_571.wav,262.24902869679823,4.091341692711431,0.22614575152244026,in_tune
B3_in_tune_488.wav,247.05551688855698,0.8096704019378318,0.27302777366156034,in_tune
E4_in_tune_737.wav,331.03823067052434,7.380347547574402,0.2501133850029959,in_tune
E4_in_tune_723.wav,331.09600565254664,7.682467603684293,0.2620684189178739,in_tune
F3_in_tune_249.wav,174.92976530085568,3.1675293396522486,0.23156491739115745,in_tune
F3_in_tune_248.wav,174.87251285460792,2.6008241383928437,0.2356709474660073,in_tune
E4_in_tune_722.wav,330.19063893736984,2.9420039141205914,0.23694798648883064,in_tune
E4_in_tune_736.wav,330.52488160290375,4.693596890510454,0.2409124373535824,in_tune
B3_in_tune_489.wav,248.06022272792626,7.8358390599371495,0.27818583622739357,in_tune
C4_in_tune_570.wav,262.4460780567672,5.391672391328309,0.25133409511425686,in_tune
B4_in_tune_1057.wav,494.7876289855053,3.1786590336055345,0.23853858541075385,in_tune
C4_in_tune_564.wav,261.87137166652775,1.5964461596496327,0.22704304102506473,in_tune
B4_in_tune_1043.wav,495.73000682590526,6.472849944804412,0.21814912214759147,in_tune
B4_in_tune_1047.wav,495.0351405008549,4.0444713487996715,0.2244531419301874,in_tune
C4_in_tune_560.wav,262.8622921623695,8.13506740635316,0.23484960995841594,in_tune
B4_in_tune_1053.wav,493.5900203188311,-1.0167857285344482,0.2183883822247969,in_tune
C4_in_tune_574.wav,262.66638599948203,6.844331241356513,0.2294386030540337,in_tune
C3_in_tune_18.wav,131.80991660079385,13.183295867953834,0.2670545843357401,in_tune
B3_in_tune_499.wav,247.56476612303035,4.374546149979402,0.26674816215160835,in_tune
E4_in_tune_732.wav,330.43381739951604,4.2165521045306225,0.25936813676221976,in_tune
E4_in_tune_726.wav,330.8525112788313,6.40881637926722,0.24441343658194334,in_tune
F3_in_tune_258.wav,175.44370316807607,8.246380639939666,0.2576247767847851,in_tune
F3_in_tune_259.wav,175.2513777902389,6.3475215223189645,0.2330532719214153,in_tune
E4_in_tune_727.wav,330.98951315136503,7.1255502859972015,0.24251962306760239,in_tune
E4_in_tune_733.wav,329.7353310316567,0.5531157353791821,0.24813191485401503,in_tune
B3_in_tune_498.wav,247.66769863786521,5.094209296822437,0.2683639983322823,in_tune
C3_in_tune_19.wav,131.52571114924066,9.44641947262414,0.26430888799607755,in_tune
C4_in_tune_575.wav,262.51722977314125,5.860963379682382,0.23582808386686768,in_tune
B4_in_tune_1052.wav,493.2031370169123,-2.374285169295863,0.21962046995442208,in_tune
C4_in_tune_561.wav,262.67947473344964,6.930596932598261,0.23129754138041392,in_tune
B4_in_tune_1046.wav,494.73864497181336,3.0072582438241513,0.23124789260963202,in_tune
B4_in_tune_1050.wav,493.62166325396964,-0.9058038030678408,0.21910349492096126,in_tune
C4_in_tune_577.wav,261.73851678426024,0.7179184397759211,0.24251013110521366,in_tune
B4_in_tune_1044.wav,495.860037907732,6.926896934851385,0.29467968673938083,in_tune
C4_in_tune_563.wav,261.9095835283998,1.8490467012020606,0.22393816656507085,in_tune
E4_in_tune_725.wav,330.2330090605373,3.164141931781641,0.23534158951607356,in_tune
E4_in_tune_731.wav,330.4951605548922,4.537916012338275,0.24823871973563508,in_tune
E4_in_tune_730.wav,330.343198659229,3.7417103777777654,0.2400327779696472,in_tune
E4_in_tune_724.wav,329.4393847746773,-1.0014107320830132,0.25220551797641505,in_tune
C4_in_tune_562.wav,262.7404656491924,7.332521345345341,0.2476319690008389,in_tune
B4_in_tune_1045.wav,494.2039913645008,1.135338507316791,0.2200464277439695,in_tune
C4_in_tune_576.wav,261.52482759157664,-0.6960771356195633,0.22608684250258085,in_tune
B4_in_tune_1051.wav,495.08035254514084,4.202579430331301,0.23186095514200358,in_tune
E3_in_tune_169.wav,165.84603426591548,10.848879081902604,0.2957935754473223,in_tune
D4_in_tune_655.wav,294.50054532783366,4.9482465070253365,0.27148856215661904,in_tune
D4_in_tune_641.wav,293.82721216971174,0.9854968872298098,0.27761338142160713,in_tune
G4_in_tune_893.wav,393.60960099966616,7.094108706663536,0.23656202359156597,in_tune
G4_in_tune_887.wav,392.5400954691725,2.38364315371534,0.22972393589336246,in_tune
C3_in_tune_7.wav,131.67817816646152,11.452135435126149,0.2413830006746042,in_tune
A4_in_tune_974.wav,440.30887177400683,1.2148675789711432,0.2583468292239305,in_tune
D3_in_tune_92.wav,147.24230493927345,4.854566752433151,0.24069968956603993,in_tune
D3_in_tune_86.wav,147.17829760353416,4.101822686218475,0.26520964153755355,in_tune
A4_in_tune_960.wav,440.47499037874957,1.8678999527049494,0.2749342258138244,in_tune
C5_in_tune_1126.wav,522.401074781521,-2.8110496927486484,0.2461266172750582,in_tune
C5_in_tune_1132.wav,523.6190123779684,1.2204904571083008,0.24112469967051178,in_tune
A3_in_tune_409.wav,220.32077740834583,2.5224377237555275,0.24072732371137662,in_tune
A3_in_tune_408.wav,220.86433638561132,6.788349042312932,0.24944978182563954,in_tune
C5_in_tune_1133.wav,525.2072687874421,6.463771877300601,0.25178514981848127,in_tune
C5_in_tune_1127.wav,524.2298362959991,3.238871802848738,0.24458297554083433,in_tune
D3_in_tune_87.wav,147.32223876660433,5.794151437019863,0.2405259929015714,in_tune
A4_in_tune_961.wav,440.4124780698686,1.622185393970646,0.27175536029869796,in_tune
A4_in_tune_975.wav,440.2861691594837,1.125601713398406,0.2587184394680462,in_tune
D3_in_tune_93.wav,147.56926056755293,8.69455822159235,0.23998606037202375,in_tune
C3_in_tune_6.wav,131.69646025026466,11.692481781372766,0.24245684647798757,in_tune
G4_in_tune_886.wav,392.2374261211833,1.0482544800789666,0.2276160643589194,in_tune
G4_in_tune_892.wav,392.6402507897519,2.8253055130674385,0.22899845367976812,in_tune
D4_in_tune_640.wav,293.5048595157826,-0.9148520745522011,0.2765619762534884,in_tune
D4_in_tune_654.wav,294.95333010969114,7.607917155022456,0.2586601706940489,in_tune
E3_in_tune_168.wav,165.67663245850255,9.079623269688163,0.27893908431777337,in_tune
G3_in_tune_328.wav,196.2136766638442,1.8863409133659206,0.23574988630442187,in_tune
D4_in_tune_642.wav,295.1005644597757,8.471896285386253,0.2780858235204127,in_tune
D4_in_tune_656.wav,294.0414441202283,2.247294602015587,0.2719184106379578,in_tune
G4_in_tune_884.wav,393.29093669949486,5.691942891784206,0.23381339226315498,in_tune
G4_in_tune_890.wav,393.1275205655977,4.972449149926873,0.2524673195582606,in_tune
C3_in_tune_4.wav,131.19522006846657,5.090788491103675,0.2615676605104004,in_tune
F4_in_tune_819.wav,350.7348467258861,7.44393355325483,0.2521398831634874,in_tune
A4_in_tune_963.wav,439.38462391781223,-2.422967542047964,0.2656438036068506,in_tune
D3_in_tune_85.wav,147.3230553568729,5.8037474421510575,0.2403488865348896,in_tune
D3_in_tune_91.wav,147.35757793184104,6.209384262275132,0.24122536533683514,in_tune
A4_in_tune_977.wav,440.8552580675996,3.3618516529010436,0.26281950355052514,in_tune
C5_in_tune_1131.wav,523.5468337127534,0.9818307194921202,0.2410036257911907,in_tune
C5_in_tune_1125.wav,523.7305132570012,1.58910497267752,0.24947574673794629,in_tune
C5_in_tune_1124.wav,524.7773235605389,5.0459684865186345,0.2646268457430235,in_tune
C5_in_tune_1130.wav,524.928356090143,5.544151290785358,0.24860869433742283,in_tune
D3_in_tune_90.wav,147.4960942148117,7.8359817628193245,0.2678664943487697,in_tune
A4_in_tune_976.wav,440.4845486932791,1.9054673524141326,0.2726584434371212,in_tune
A4_in_tune_962.wav,441.5799005270952,6.205178936619875,0.25722530112369646,in_tune
D3_in_tune_84.wav,147.50098512073308,7.893387774307306,0.2666072293450704,in_tune
F4_in_tune_818.wav,350.3729596619141,5.6567297680547775,0.24217906819729215,in_tune
C3_in_tune_5.wav,131.51450645107664,9.298929061007648,0.2667201989629344,in_tune
G4_in_tune_891.wav,392.39434174214676,1.7407007474628444,0.24225143458667214,in_tune
G4_in_tune_885.wav,392.1281098375891,0.565693569827226,0.2438444996580373,in_tune
D4_in_tune_657.wav,294.33407498394394,3.969366783454188,0.2635637591457149,in_tune
D4_in_tune_643.wav,294.4044394400614,4.383191732460258,0.27636352523730134,in_tune
G3_in_tune_329.wav,196.3955912263975,3.4906673162741058,0.24800122708652703,in_tune
G3_in_tune_339.wav,196.99710509522046,8.784929827943522,0.23586063942202232,in_tune
D4_in_tune_647.wav,294.897726839012,7.28152195884456,0.2587821688578674,in_tune
D4_in_tune_653.wav,294.36506239077113,4.151621012941667,0.2680217769857851,in_tune
C3_in_tune_1.wav,131.58340472122828,10.205656396116018,0.24177561169704045,in_tune
F4_in_tune_808.wav,350.1132423126099,4.3729599019679775,0.2538052143088952,in_tune
G4_in_tune_881.wav,391.75662851753907,-1.0751628636229518,0.23954600999155917,in_tune
G4_in_tune_895.wav,391.5752399190469,-1.8769331887894083,0.21875649704688716,in_tune
D3_in_tune_80.wav,147.1176118841176,3.387839366381867,0.26714126690293666,in_tune
A4_in_tune_966.wav,440.0318211532885,0.12519970926812637,0.26182736487201663,in_tune
A4_in_tune_972.wav,440.8119821716644,3.1918993144502004,0.27388661425226235,in_tune
D3_in_tune_94.wav,147.50978316768808,7.996648265757916,0.26350738500587234,in_tune
C5_in_tune_1134.wav,523.6559083686112,1.3424748454214546,0.2402407082347966,in_tune
C5_in_tune_1120.wav,523.5031377279665,0.8373333625793943,0.25036374134018363,in_tune
C5_in_tune_1121.wav,524.2716561700228,3.3769736375069463,0.24533042112481282,in_tune
C5_in_tune_1135.wav,524.5362677820809,4.250545684078651,0.24955315756375812,in_tune
A4_in_tune_973.wav,441.7507193383565,6.8747523427995585,0.2713722431318494,in_tune
D3_in_tune_95.wav,147.66631004339652,9.832736542913919,0.23896504790183828,in_tune
D3_in_tune_81.wav,147.36503463400228,6.296987290530493,0.24175313846708843,in_tune
A4_in_tune_967.wav,440.4655757322294,1.8308964197921231,0.27568022922266944,in_tune
G4_in_tune_894.wav,393.1688476780301,5.154433722533129,0.24216290093738732,in_tune
G4_in_tune_880.wav,393.48028870312277,6.525254105221259,0.25126007620720414,in_tune
F4_in_tune_809.wav,349.0866674776032,-0.7106865929262639,0.24498767701917562,in_tune
C3_in_tune_0.wav,131.143216358937,4.4044186627195305,0.2610585825489882,in_tune
D4_in_tune_652.wav,294.3568031576708,4.103045730112389,0.2660948198551652,in_tune
D4_in_tune_646.wav,294.0948932118584,2.561959354736774,0.28235981860848247,in_tune
G3_in_tune_338.wav,196.54902563316247,4.842668954128336,0.2364143332020537,in_tune
E3_in_tune_178.wav,165.63317931320225,8.625501101002913,0.27947451322563066,in_tune
D4_in_tune_650.wav,293.8586038285044,1.1704471008668302,0.2696161630145686,in_tune
D4_in_tune_644.wav,295.0115436210361,7.949568727075782,0.2612953467782377,in_tune
C3_in_tune_2.wav,131.38929675556014,7.649905335244485,0.24320764949877663,in_tune
G4_in_tune_896.wav,393.0388513848808,4.581928489446109,0.23926060219925507,in_tune
G4_in_tune_882.wav,392.6106991287131,2.6950010751643476,0.22939688558491356,in_tune
D3_in_tune_97.wav,147.18877942687766,4.225114255773724,0.26048612567898394,in_tune
A4_in_tune_971.wav,440.9039436145884,3.553028737459365,0.2578746236992234,in_tune
A4_in_tune_965.wav,440.30052887982043,1.1820641533593528,0.25831239065932915,in_tune
D3_in_tune_83.wav,147.25906902623052,5.051663002152481,0.23950150471552087,in_tune
C5_in_tune_1123.wav,523.6693070192086,1.3867709242062087,0.24043685315453545,in_tune
C5_in_tune_1137.wav,523.2200282681763,-0.09916783329710945,0.23792602993536205,in_tune
A3_in_tune_418.wav,220.18464379489066,1.452397978522701,0.2495114122487512,in_tune
A3_in_tune_419.wav,220.96923188686543,7.610371993112604,0.24576225527750203,in_tune
C5_in_tune_1136.wav,523.034601400954,-0.7128182782364271,0.23958359824107586,in_tune
C5_in_tune_1122.wav,525.0944857045663,6.091966511559313,0.26342470557007147,in_tune
A4_in_tune_964.wav,440.37105992089545,1.4593655711387157,0.2627232093750617,in_tune
D3_in_tune_82.wav,147.06238659240654,2.7378433979403356,0.24936357678503202,in_tune
D3_in_tune_96.wav,147.21365209874259,4.517641843288311,0.24870843077667662,in_tune
A4_in_tune_970.wav,441.721051712161,6.758480139596162,0.2651007869367231,in_tune
G4_in_tune_883.wav,392.8894882783806,3.9238977614246533,0.23186752800184263,in_tune
G4_in_tune_897.wav,391.5341931654215,-2.0584187757145096,0.2185471146300779,in_tune
C3_in_tune_3.wav,131.53866976073485,9.616981442191538,0.25882942990913677,in_tune
D4_in_tune_645.wav,294.5650670183986,5.327498480710188,0.2608250281736878,in_tune
D4_in_tune_651.wav,294.19120672635574,3.1288306005147795,0.26777509049597725,in_tune
E3_in_tune_179.wav,165.63876236707046,8.683855412003588,0.2789788979445985,in_tune
